{
  "blue": [872, -464, 862],
  "green": [-756, 100, 722],
  "red": [310, -364, 649],
  "1": [0.0, 0.0, 0.0],
  "2": [228.08587646484375, 7.662601470947266, 616.3118896484375],
  "0": [279.4862976074219, -127.45625305175781, 506.209716796875]
}
